<?xml version="1.0" encoding="UTF-8"?><prefs><pref key="INITIAL_REF" val="start.xml"/><pref key="OVERLAYS_OPACITY" val="0.94"/><pref key="BG_COLOR" val="#FFFFFF"/><pref key="SHADOW_COLOR" val="#000000"/><pref key="INFOLINE_COLOR" val="#FFFFFF"/><pref key="INFOLINE_COLOR_HI" val="#f0f0a2"/><pref key="SCROLLBAR_COLOR" val="#444444"/><pref key="SCROLLBAR_COLOR_SLIDER" val="#AAAAAA"/><pref key="TEXT_WIDTH" val="640"/><pref key="BACKFORTH_COLOR" val="#00a2ff"/><pref key="INFOLINE_METADATA_NUM" val="3"/><pref key="INFOLINE_METADATA_VIEW" val="true"/><pref key="MAINTEXT_FONT" val="Verdana"/><pref key="MAINTEXT_SIZE" val="12"/><pref key="MAINTEXT_COLOR" val="#000000"/><pref key="MAINTEXT_BOLD" val="false"/><pref key="MAINTEXT_ITALIC" val="false"/><pref key="MAINTEXT_UNDERLINE" val="false"/><pref key="MAINTEXT_LETTERSPACING" val="0"/><pref key="MAINTEXT_LINK_COLOR" val="#00a2ff"/><pref key="MAINTEXT_LINK_BOLD" val="false"/><pref key="MAINTEXT_LINK_ITALIC" val="false"/><pref key="MAINTEXT_LINK_UNDERLINE" val="true"/><pref key="TABS_COLOR" val="#FFFFFF"/><pref key="TABS_COLOR_DESEL" val="#eeeeee"/><pref key="TABS_COLOR_BORDER" val="#CCCCCC"/><pref key="TABS_STANDARD" val="1"/><pref key="TABS_BUTTON_COLOR" val="#FFFFFF"/><pref key="TABS_INPUT_COLOR" val="#FFFFFF"/><pref key="TABTITLE_FONT" val="Verdana"/><pref key="TABTITLE_SIZE" val="12"/><pref key="TABTITLE_COLOR" val="#999999"/><pref key="TABTITLE_BOLD" val="true"/><pref key="TABTITLE_ITALIC" val="false"/><pref key="TABTITLE_UNDERLINE" val="false"/><pref key="SEARCH_ITEM_FONT" val="Verdana"/><pref key="SEARCH_ITEM_SIZE" val="10"/><pref key="SEARCH_ITEM_COLOR" val="#000000"/><pref key="SEARCH_ITEM_BOLD" val="false"/><pref key="SEARCH_ITEM_ITALIC" val="false"/><pref key="SEARCH_ITEM_UNDERLINE" val="false"/><pref key="SEARCH_ITEM_LETTERSPACING" val="0"/><pref key="TOOLTIP_COLOR" val="#fff099"/><pref key="TOOLTIP_WIDTH" val="240"/><pref key="TOOLTIPTEXT_FONT" val="Verdana"/><pref key="TOOLTIPTEXT_SIZE" val="12"/><pref key="TOOLTIPTEXT_COLOR" val="#000000"/><pref key="TOOLTIPTEXT_BOLD" val="false"/><pref key="TOOLTIPTEXT_ITALIC" val="false"/><pref key="TOOLTIPTEXT_UNDERLINE" val="false"/><pref key="TOOLTIPTEXT_LETTERSPACING" val="0"/><pref key="PROBAR_COLOR" val="#68b7df"/><pref key="PROBAR_COLOR_BG" val="#FFFFFF"/><pref key="PROBAR_COLOR_BORDER" val="#777777"/><pref key="PROTEXT_FONT" val="Verdana"/><pref key="PROTEXT_SIZE" val="10"/><pref key="PROTEXT_COLOR" val="#000000"/><pref key="PROTEXT_BOLD" val="false"/><pref key="PROTEXT_ITALIC" val="false"/><pref key="PROTEXT_UNDERLINE" val="false"/><pref key="PROTEXT_LETTERSPACING" val="0"/><pref key="MENU_COLOR" val="#EEEEEE"/><pref key="MENU_COLOR_ACTIVE" val="#EEEEEE"/><pref key="MENU_SHADOW_COLOR" val="#000000"/><pref key="MENU_COLOR_HI" val="#ffffff"/><pref key="MENU_COLOR_STROKE" val="#CCCCCC"/><pref key="MENUTEXT_FONT" val="Verdana"/><pref key="MENUTEXT_SIZE" val="12"/><pref key="MENUTEXT_COLOR" val="#000000"/><pref key="MENUTEXT_COLOR_DEACT" val="#999999"/><pref key="MENUTEXT_BOLD" val="false"/><pref key="MENUTEXT_ITALIC" val="false"/><pref key="MENUTEXT_UNDERLINE" val="false"/><pref key="MENUTEXT_LETTERSPACING" val="0"/><pref key="VIEW_CENTER" val="false"/><pref key="VIEW_WHOLE_PICTURE" val="true"/><pref key="VIEW_BG_OPACITY" val="0.13"/><pref key="VIEW_SCROLL_FACTOR" val="1"/><pref key="VIEW_SHOW_LAYER" val="false"/><pref key="LAYER_CENTER" val="false"/><pref key="GROUPMEMBER_COLOR" val="#FFFFFF"/><pref key="GROUPMEMBER_COLOR_BORDER" val="#000000"/><pref key="GROUP_THUMB_FONT" val="Verdana"/><pref key="GROUP_THUMB_SIZE" val="12"/><pref key="GROUP_THUMB_COLOR" val="#000000"/><pref key="GROUP_THUMB_BOLD" val="false"/><pref key="GROUP_THUMB_ITALIC" val="false"/><pref key="GROUP_THUMB_UNDERLINE" val="false"/><pref key="GROUP_THUMB_LETTERSPACING" val="0"/><pref key="LITA_COLOR_BG" val="#ffffff"/><pref key="LITA_INFOLINE_COLOR" val="#f0f0a2"/><pref key="LITA_INFOLINE_COLOR_HI" val="#f0f0a2"/><pref key="LITA_INFO_FONT" val="Verdana"/><pref key="LITA_INFO_SIZE" val="12"/><pref key="LITA_INFO_COLOR" val="#000000"/><pref key="LITA_INFO_BOLD" val="false"/><pref key="LITA_INFO_ITALIC" val="false"/><pref key="LITA_INFO_UNDERLINE" val="false"/><pref key="LITA_INFO_LETTERSPACING" val="0"/><pref key="LITA_COLOR_HEAD" val="#FFFFFF"/><pref key="LITA_COLOR_HEADSEL" val="#f0f0a2"/><pref key="LITA_COLOR_TOOL1" val="#FFFFFF"/><pref key="LITA_COLOR_TOOL2" val="#000000"/><pref key="LITA_SHADOW_COLOR" val="#000000"/><pref key="LITA_HEAD_FONT" val="Verdana"/><pref key="LITA_HEAD_SIZE" val="10"/><pref key="LITA_HEAD_COLOR" val="#000000"/><pref key="LITA_HEAD_BOLD" val="false"/><pref key="LITA_HEAD_ITALIC" val="false"/><pref key="LITA_HEAD_UNDERLINE" val="false"/><pref key="LITA_HEAD_LETTERSPACING" val="0"/><pref key="LITA_ANN_FONT" val="Verdana"/><pref key="LITA_ANN_SIZE" val="12"/><pref key="LITA_ANN_COLOR" val="#000000"/><pref key="LITA_ANN_BOLD" val="false"/><pref key="LITA_ANN_ITALIC" val="false"/><pref key="LITA_ANN_UNDERLINE" val="false"/><pref key="LITA_ANN_LETTERSPACING" val="0"/><pref key="DIALOG_COLOR" val="#eeeeee"/><pref key="DIALOG_INPUT_COLOR" val="#FFFFFF"/><pref key="DIALOG_BUTTON_COLOR" val="#FFFFFF"/><pref key="DIALOGTEXT_FONT" val="Verdana"/><pref key="DIALOGTEXT_SIZE" val="12"/><pref key="DIALOGTEXT_COLOR" val="#000000"/><pref key="DIALOGTEXT_BOLD" val="false"/><pref key="DIALOGTEXT_ITALIC" val="false"/><pref key="DIALOGTEXT_UNDERLINE" val="false"/><pref key="DIALOGTEXT_LETTERSPACING" val="0"/><pref key="MEMORY_CACHE" val="270"/><pref key="MEMORY_DISPLAY" val="false"/></prefs>